0.6046602879796196	0.6046602879796196	0.6046602879796196	0.6046602879796196
0.9405090880450124	0.9127784531772276	0.9371838524008006	0.9401735747582339
0.21426387258237492	0.22458674815766835	0.9371838524008006	0.9401735747582339
0.8624914374478864	0.22458674815766835	0.9371838524008006	0.9401735747582339
0.9752416188605784	0.22458674815766835	0.9743133806542424	0.9751541673790265
0.5305857153507052	0.22458674815766835	0.6249215182105123	0.9751541673790265
0.22228941700678773	0.2223671045336291	0.6249215182105123	0.9751541673790265
0.6826534880132438	0.2223671045336291	0.6804330276362156	0.9751541673790265
0.6494894605929404	0.2223671045336291	0.6804330276362156	0.9751541673790265
0.6695752976997745	0.2223671045336291	0.6804330276362156	0.9751541673790265
0.43491247389145765	0.2223671045336291	0.6804330276362156	0.9751541673790265
0.40961827788499267	0.2223671045336291	0.6804330276362156	0.9751541673790265
0.02626515060968944	0.03823381446420219	0.6804330276362156	0.9751541673790265
0.9756748149873165	0.03823381446420219	0.956359931702665	0.9756711957884506
0.02519395979489504	0.026103717097404843	0.40043994847414566	0.9756711957884506
0.10738111282075208	0.0733580169365602	0.40043994847414566	0.9756711957884506
0.07619026230375504	0.0733580169365602	0.40043994847414566	0.9756711957884506
0.654270134424146	0.0733580169365602	0.6333116787035038	0.9756711957884506
0.21647114665497036	0.0733580169365602	0.40859980158839143	0.9756711957884506
0.11167463676480495	0.0733580169365602	0.40859980158839143	0.9756711957884506
0.09297015549992493	0.0733580169365602	0.24632234858660917	0.9756711957884506
0.4993854937524132	0.0733580169365602	0.4743071640512976	0.9756711957884506
0.6258366269581253	0.0733580169365602	0.4743071640512976	0.9756711957884506
0.8351038011543529	0.4395819516566528	0.796447018607597	0.9756711957884506
0.8348057602192125	0.4395819516566528	0.8305436778179218	0.9756711957884506
0.7185304493527748	0.5681296464474925	0.7789246785252275	0.9756711957884506
0.0429216421763342	0.10539131669316802	0.7789246785252275	0.9756711957884506
0.8997501257175273	0.10539131669316802	0.884911912904438	0.9756711957884506
0.599194252505881	0.10539131669316802	0.884911912904438	0.9756711957884506
0.9687461599658117	0.10539131669316802	0.884911912904438	0.9756711957884506
0.1815908467575638	0.10539131669316802	0.5912496723420688	0.9756711957884506
0.28863831012730923	0.10539131669316802	0.5912496723420688	0.9756711957884506
0.5785509024958203	0.29579758864594563	0.5861395033898562	0.9756711957884506
0.4094194000310731	0.29579758864594563	0.5162896601650406	0.9756711957884506
0.1709460320883929	0.18954094476717734	0.5162896601650406	0.9756711957884506
0.8409932064362602	0.18954094476717734	0.7914621570050573	0.9756711957884506
0.34746838606940983	0.18954094476717734	0.7914621570050573	0.9756711957884506
0.3389773883954362	0.18954094476717734	0.7914621570050573	0.9756711957884506
0.39084244515115124	0.18954094476717734	0.7914621570050573	0.9756711957884506
0.6220016345973344	0.18954094476717734	0.7914621570050573	0.9756711957884506
0.8374659240734459	0.18954094476717734	0.8296395570618114	0.9756711957884506
0.7425908573712917	0.18954094476717734	0.8296395570618114	0.9756711957884506
0.9946063668723257	0.18954094476717734	0.9654147091692307	0.9942078292528412
0.6543795234077353	0.18954094476717734	0.9654147091692307	0.9942078292528412
0.06593483186524836	0.0886379954594802	0.9654147091692307	0.9942078292528412
0.4202173656755083	0.0886379954594802	0.9654147091692307	0.9942078292528412
0.968744565816411	0.0886379954594802	0.9681109493693768	0.9942078292528412
0.22650959076197102	0.0886379954594802	0.9681109493693768	0.9942078292528412
0.44009472089005885	0.0886379954594802	0.9681109493693768	0.832446594874566
0.9292998432035774	0.0886379954594802	0.9681109493693768	0.9269375688540894
0.33481839912544525	0.16335131978905987	0.9681109493693768	0.9269375688540894
0.7558532255910314	0.16335131978905987	0.9681109493693768	0.9269375688540894
0.8049930454838599	0.16335131978905987	0.9681109493693768	0.9269375688540894
0.183759416747548	0.16930120228424592	0.9681109493693768	0.9269375688540894
0.438007884259053	0.16930120228424592	0.9681109493693768	0.9269375688540894
0.0632202608191323	0.08642546676462591	0.7110397310312391	0.9269375688540894
0.27157696612578064	0.08642546676462591	0.7110397310312391	0.9269375688540894
0.06582839048524818	0.07045874096665866	0.7110397310312391	0.9269375688540894
0.45813301659344546	0.07045874096665866	0.7110397310312391	0.9269375688540894
0.6917797275262825	0.23838333192871916	0.7110397310312391	0.9269375688540894
0.29179316954369106	0.23838333192871916	0.7110397310312391	0.9269375688540894
0.5744830737306705	0.23838333192871916	0.7110397310312391	0.9269375688540894
0.41435144181497824	0.23838333192871916	0.7110397310312391	0.9269375688540894
0.8605926769895941	0.23838333192871916	0.7110397310312391	0.9269375688540894
0.7851150701963044	0.23838333192871916	0.7669456473822318	0.9269375688540894
0.7835511023241203	0.23838333192871916	0.7794309518498171	0.9269375688540894
0.18038968874266706	0.19494240070321198	0.7794309518498171	0.9269375688540894
0.1857614718862455	0.18809096128756533	0.7794309518498171	0.9269375688540894
0.4242877926145563	0.18809096128756533	0.7794309518498171	0.9269375688540894
0.8339123234741538	0.18809096128756533	0.7794309518498171	0.9269375688540894
0.17495070602495405	0.17839335592770458	0.7794309518498171	0.9269375688540894
0.4641297268100586	0.17839335592770458	0.7794309518498171	0.9269375688540894
0.8999048062725744	0.17839335592770458	0.8676901858591631	0.9269375688540894
0.12833569429365838	0.14185491677876574	0.8676901858591631	0.9269375688540894
0.2100305869622702	0.14185491677876574	0.8676901858591631	0.9269375688540894
0.37011383876823606	0.14185491677876574	0.8676901858591631	0.9269375688540894
0.26856565109273955	0.14185491677876574	0.8676901858591631	0.9269375688540894
0.4130482108342182	0.14185491677876574	0.8676901858591631	0.9269375688540894
0.6446371795361371	0.14185491677876574	0.8676901858591631	0.9269375688540894
0.8546510727526964	0.14185491677876574	0.8676901858591631	0.9269375688540894
0.6036166995173835	0.14185491677876574	0.8676901858591631	0.9269375688540894
0.1606473066289533	0.14185491677876574	0.8676901858591631	0.9269375688540894
0.038934089011305614	0.0691193494519388	0.8676901858591631	0.9269375688540894
0.689028994422591	0.0691193494519388	0.8676901858591631	0.9269375688540894
0.1381211414113692	0.0691193494519388	0.8676901858591631	0.9269375688540894
0.38321593425807127	0.0691193494519388	0.7682088200273168	0.9269375688540894
0.9995424112844794	0.2584221087261078	0.7682088200273168	0.9965157599708983
0.7974834928001485	0.2584221087261078	0.7682088200273168	0.9965157599708983
0.34054593650517573	0.2584221087261078	0.7682088200273168	0.9965157599708983
0.6027224873260429	0.2584221087261078	0.7682088200273168	0.9965157599708983
0.6491926078828911	0.2584221087261078	0.7682088200273168	0.9965157599708983
0.06573321828176602	0.1264434166409422	0.7682088200273168	0.9965157599708983
0.2967710436701737	0.1264434166409422	0.7682088200273168	0.9965157599708983
0.7625402814654507	0.1264434166409422	0.7682088200273168	0.9965157599708983
0.15649567038445542	0.1264434166409422	0.7682088200273168	0.9965157599708983
0.009406542178957497	0.1264434166409422	0.6255768129129636	0.9965157599708983
0.002251109357318951	0.04281223328496695	0.6255768129129636	0.9965157599708983
0.3190850212173396	0.04281223328496695	0.5689239863518502	0.9965157599708983
0.09696284965161758	0.04281223328496695	0.5689239863518502	0.9965157599708983
0.4139421908203194	0.04281223328496695	0.5689239863518502	0.9965157599708983
0.26199729755320117	0.04281223328496695	0.5689239863518502	0.9965157599708983
0.4396603312342084	0.04281223328496695	0.5689239863518502	0.9965157599708983
0.6830895235321155	0.15643730697567654	0.6442807765698471	0.9965157599708983
0.8795199360718223	0.15643730697567654	0.799043381505357	0.9965157599708983
0.5803391987617175	0.2304813055409239	0.799043381505357	0.9965157599708983
0.15608317357750587	0.1818550754994742	0.799043381505357	0.9965157599708983
0.6266855430790651	0.1818550754994742	0.799043381505357	0.9965157599708983
0.05540156574787396	0.0997424068296039	0.799043381505357	0.9965157599708983
0.6567574879928034	0.0997424068296039	0.799043381505357	0.9965157599708983
0.0589537832936831	0.07342716583868726	0.799043381505357	0.9965157599708983
0.6005947735308419	0.07342716583868726	0.765941028215196	0.9965157599708983
0.4315308103274969	0.07342716583868726	0.765941028215196	0.9965157599708983
0.9660007983578472	0.07342716583868726	0.8937747471561871	0.9965157599708983
0.24865932891350945	0.07342716583868726	0.8937747471561871	0.9965157599708983
0.4811971683626682	0.07342716583868726	0.8937747471561871	0.9965157599708983
0.5173058064551271	0.07342716583868726	0.8937747471561871	0.9965157599708983
0.3611733487880887	0.07342716583868726	0.8937747471561871	0.9965157599708983
0.2034820891004141	0.09403808870108454	0.7843781293977445	0.9965157599708983
0.8761280013172774	0.09403808870108454	0.8419015600682982	0.9965157599708983
0.48011443434463563	0.09403808870108454	0.8419015600682982	0.9965157599708983
0.06385458521027557	0.07523216752301042	0.8419015600682982	0.9965157599708983
0.14733250750747603	0.07523216752301042	0.8419015600682982	0.9965157599708983
0.3504656660633637	0.07523216752301042	0.8419015600682982	0.9965157599708983
0.6890828839060359	0.07523216752301042	0.8419015600682982	0.9965157599708983
0.8312957374875616	0.07523216752301042	0.8419015600682982	0.9965157599708983
0.8633559356900709	0.07523216752301042	0.8550637537012876	0.9965157599708983
0.6331497179916642	0.07523216752301042	0.8550637537012876	0.9965157599708983
0.13710207322165396	0.07523216752301042	0.8550637537012876	0.9965157599708983
0.4808475052125285	0.07523216752301042	0.8550637537012876	0.9965157599708983
0.3098385270013281	0.10948127109648746	0.8550637537012876	0.9965157599708983
0.8574907157239784	0.10948127109648746	0.8565301960110705	0.9965157599708983
0.6162914454379771	0.10948127109648746	0.8565301960110705	0.9965157599708983
0.4920377883718398	0.10948127109648746	0.8565301960110705	0.9965157599708983
0.07693577817406617	0.08999295198126513	0.8565301960110705	0.9965157599708983
0.17983404634580807	0.08999295198126513	0.8565301960110705	0.9965157599708983
0.20382295144871612	0.08999295198126513	0.8565301960110705	0.9965157599708983
0.6640792144602995	0.08999295198126513	0.8565301960110705	0.9965157599708983
0.09405920540674916	0.08999295198126513	0.8565301960110705	0.9965157599708983
0.5730120972963252	0.08999295198126513	0.8565301960110705	0.9965157599708983
0.31344737449991106	0.08999295198126513	0.8565301960110705	0.9965157599708983
0.5222298847216654	0.08999295198126513	0.8565301960110705	0.9965157599708983
0.3566243046235166	0.08999295198126513	0.8565301960110705	0.9965157599708983
0.8912392042674913	0.19775976466266743	0.8767686847903245	0.9965157599708983
0.730821632655765	0.26902472027671787	0.8767686847903245	0.9965157599708983
0.2225275279168189	0.2420698261550373	0.8767686847903245	0.9965157599708983
0.4100244663171134	0.26425670068107115	0.8767686847903245	0.9965157599708983
0.36648373384868715	0.26425670068107115	0.8767686847903245	0.9965157599708983
0.6861074398479952	0.26425670068107115	0.8767686847903245	0.9965157599708983
0.28862813605848237	0.26425670068107115	0.8767686847903245	0.9965157599708983
0.2057286371856708	0.2308120929694138	0.8767686847903245	0.9965157599708983
0.28479083313766584	0.2308120929694138	0.8767686847903245	0.9965157599708983
0.2870277794417045	0.2308120929694138	0.8767686847903245	0.9965157599708983
0.07940809858354635	0.2308120929694138	0.8767686847903245	0.9965157599708983
0.4827332992325547	0.2308120929694138	0.8767686847903245	0.9965157599708983
0.5560252433907331	0.2308120929694138	0.8767686847903245	0.9965157599708983
0.6919424882417721	0.2308120929694138	0.8767686847903245	0.9965157599708983
0.5832097542358741	0.2308120929694138	0.8767686847903245	0.9965157599708983
0.8320920246207972	0.2308120929694138	0.8767686847903245	0.9965157599708983
0.7930976899435771	0.29976189026851413	0.8767686847903245	0.9965157599708983
0.9605174101466794	0.29976189026851413	0.9232957544327438	0.9965157599708983
0.3209022116707135	0.29976189026851413	0.9232957544327438	0.9965157599708983
0.2347544874314777	0.2638461980933559	0.9232957544327438	0.9965157599708983
0.3525688410231714	0.2638461980933559	0.9232957544327438	0.9965157599708983
0.5767974617238251	0.2638461980933559	0.8819475094794124	0.9965157599708983
0.8856665045607314	0.2638461980933559	0.8839853150034228	0.9844242131576814
0.28923193836827765	0.2638461980933559	0.8839853150034228	0.9844242131576814
0.5962123704062063	0.2638461980933559	0.8839853150034228	0.9844242131576814
0.44214502692098256	0.2638461980933559	0.8839853150034228	0.9844242131576814
0.7226392107307034	0.2638461980933559	0.8839853150034228	0.9844242131576814
0.7168484514793817	0.2638461980933559	0.8839853150034228	0.9844242131576814
0.8113113252447094	0.2638461980933559	0.8839853150034228	0.9844242131576814
0.34938116871007907	0.2638461980933559	0.8839853150034228	0.9844242131576814
0.9455891486305195	0.2638461980933559	0.9170168611841717	0.9844242131576814
0.60673543786399	0.2638461980933559	0.9170168611841717	0.9844242131576814
0.019503398478257866	0.13353003829863697	0.9170168611841717	0.9844242131576814
0.6400939125956464	0.13353003829863697	0.9170168611841717	0.9844242131576814
0.3118937076467936	0.13353003829863697	0.9170168611841717	0.9844242131576814
0.3315377709967908	0.13353003829863697	0.8520358300867932	0.9844242131576814
0.4315767305547478	0.13353003829863697	0.8520358300867932	0.9844242131576814
0.9879456497107975	0.13353003829863697	0.9235673140994269	0.9876548888944852
0.8788514166221684	0.13353003829863697	0.9235673140994269	0.9876548888944852
0.24405675906670746	0.13353003829863697	0.849627101364637	0.9876548888944852
0.9169670202571547	0.13353003829863697	0.849627101364637	0.9876548888944852
0.5489579963921483	0.13353003829863697	0.849627101364637	0.9876548888944852
0.4503781234119031	0.13353003829863697	0.849627101364637	0.9876548888944852
0.5354179601149692	0.13353003829863697	0.849627101364637	0.9876548888944852
0.558793626589021	0.13353003829863697	0.849627101364637	0.9876548888944852
0.41554098326463174	0.13353003829863697	0.849627101364637	0.9876548888944852
0.28394976775888453	0.13353003829863697	0.849627101364637	0.9876548888944852
0.1615201984777068	0.13353003829863697	0.849627101364637	0.9876548888944852
0.41108875503414116	0.13353003829863697	0.849627101364637	0.9876548888944852
0.7151600086025225	0.13353003829863697	0.849627101364637	0.9876548888944852
0.7479450246298653	0.13353003829863697	0.849627101364637	0.9876548888944852
0.9131240775027525	0.13353003829863697	0.8818590689474368	0.9876548888944852
0.8723923661210494	0.20911697720630062	0.8818590689474368	0.9876548888944852
0.5861442826280109	0.20911697720630062	0.8818590689474368	0.9876548888944852
0.409341280059518	0.20911697720630062	0.8818590689474368	0.9876548888944852
0.3505420683363687	0.20911697720630062	0.8818590689474368	0.9876548888944852
0.7310856585573361	0.20911697720630062	0.8818590689474368	0.9876548888944852
0.6886075261320788	0.20911697720630062	0.8818590689474368	0.9602193510263746
0.5667377223017178	0.20911697720630062	0.8818590689474368	0.9602193510263746
0.7451803113855132	0.20911697720630062	0.8818590689474368	0.9602193510263746
0.6899253935609345	0.20911697720630062	0.8818590689474368	0.9602193510263746
0.7586615229865805	0.20911697720630062	0.8818590689474368	0.9602193510263746
0.39795670946854655	0.20911697720630062	0.834533654817472	0.9602193510263746
0.9326897000967549	0.20911697720630062	0.834533654817472	0.9602193510263746
0.6264494424360435	0.20911697720630062	0.834533654817472	0.9602193510263746
0.7552761832079752	0.20911697720630062	0.834533654817472	0.9602193510263746
0.5049079083852452	0.20911697720630062	0.834533654817472	0.9602193510263746
0.6717707868649131	0.20911697720630062	0.834533654817472	0.9602193510263746
0.9764486572692439	0.20911697720630062	0.9035920501711323	0.9748998632315933
0.0674219190440733	0.14033296838968543	0.9035920501711323	0.9748998632315933
0.7964797368338886	0.14033296838968543	0.9035920501711323	0.9748998632315933
0.07793308994427799	0.11018809957547893	0.9035920501711323	0.9748998632315933
0.8188611925698951	0.11018809957547893	0.9035920501711323	0.9748998632315933
0.7036390462970579	0.11018809957547893	0.9035920501711323	0.9748998632315933
0.8520363767590934	0.11018809957547893	0.9035920501711323	0.9748998632315933
0.6690912421186411	0.11018809957547893	0.9035920501711323	0.9748998632315933
0.09335182332805521	0.10215169086549149	0.9035920501711323	0.9748998632315933
0.6431902311754845	0.10215169086549149	0.9035920501711323	0.9748998632315933
0.883735648157605	0.10215169086549149	0.9035920501711323	0.9748998632315933
0.09333574301923274	0.09797351653077169	0.9035920501711323	0.9748998632315933
0.7700056632807013	0.09797351653077169	0.9035920501711323	0.9748998632315933
0.8337562432572986	0.1643798998093391	0.9035920501711323	0.9748998632315933
0.9383801255057173	0.1643798998093391	0.9199629091521134	0.9748998632315933
0.07047662163913768	0.12029385372004267	0.8439122119710055	0.9748998632315933
0.6996133091858848	0.12029385372004267	0.8439122119710055	0.9748998632315933
0.8873200366410605	0.12029385372004267	0.8641962421906574	0.9748998632315933
0.4962292218792361	0.12029385372004267	0.8641962421906574	0.9748998632315933
0.8121034744943899	0.12029385372004267	0.8641962421906574	0.9748998632315933
0.5117905997970591	0.12029385372004267	0.8641962421906574	0.9748998632315933
0.6239825276338666	0.12029385372004267	0.8641962421906574	0.9748998632315933
0.371733115494007	0.14218669323018324	0.8641962421906574	0.9748998632315933
0.5015171980733152	0.14218669323018324	0.8641962421906574	0.9748998632315933
0.930558357145482	0.14218669323018324	0.8947075594112665	0.9748998632315933
0.6984894263376359	0.14218669323018324	0.8947075594112665	0.9748998632315933
0.48255855703607126	0.14218669323018324	0.8947075594112665	0.9748998632315933
0.6825416444128489	0.14218669323018324	0.8765892062944076	0.9748998632315933
0.2344335126286848	0.14218669323018324	0.8765892062944076	0.9748998632315933
0.8807784390377141	0.14218669323018324	0.8765892062944076	0.9748998632315933
0.4230297803967707	0.16589653596269377	0.8765892062944076	0.9748998632315933
0.3111442450877872	0.17811249131383705	0.8765892062944076	0.9748998632315933
0.008273560659776504	0.10143577318559302	0.8765892062944076	0.9748998632315933
0.2695093663480206	0.10143577318559302	0.8765892062944076	0.9748998632315933
0.21631243764669517	0.10143577318559302	0.8765892062944076	0.9748998632315933
0.6156853451872105	0.10143577318559302	0.8765892062944076	0.9748998632315933
0.6121240578940962	0.10143577318559302	0.8765892062944076	0.9748998632315933
0.9406278935977015	0.10143577318559302	0.905177905983378	0.9748998632315933
0.6372806998399339	0.10143577318559302	0.905177905983378	0.9748998632315933
0.6259788218152164	0.10143577318559302	0.905177905983378	0.9748998632315933
0.7539289332718473	0.10143577318559302	0.905177905983378	0.9748998632315933
0.2100965252373224	0.10143577318559302	0.905177905983378	0.9748998632315933
0.018695976509009015	0.06490606162860228	0.905177905983378	0.9748998632315933
0.3429402419307385	0.06490606162860228	0.905177905983378	0.9748998632315933
0.8811618403365917	0.06490606162860228	0.9032527704605895	0.9748998632315933
0.8118779880295075	0.06490606162860228	0.9032527704605895	0.9748998632315933
0.222340127614096	0.06490606162860228	0.8490615533617838	0.9748998632315933
0.3333723080429788	0.06490606162860228	0.8490615533617838	0.9748998632315933
0.9886153199388502	0.1378977059044022	0.9098692947896994	0.9870428085235428
0.3474179307493063	0.1378977059044022	0.865581785810141	0.9870428085235428
0.9272461138747993	0.1378977059044022	0.8923342057948083	0.9870428085235428
0.7234542998798101	0.1378977059044022	0.8923342057948083	0.9870428085235428
0.28670785936315724	0.1378977059044022	0.8923342057948083	0.9870428085235428
0.06298779072964089	0.1056089493635568	0.8923342057948083	0.9870428085235428
0.010152400160925274	0.0645523690613497	0.8923342057948083	0.9870428085235428
0.8563176042716527	0.0645523690613497	0.8923342057948083	0.9870428085235428
0.6780148554178287	0.0645523690613497	0.8923342057948083	0.9870428085235428
0.44730241533575227	0.0645523690613497	0.8923342057948083	0.9870428085235428
0.7373652456665664	0.0645523690613497	0.8923342057948083	0.9870428085235428
0.13482045130596979	0.0645523690613497	0.8923342057948083	0.9870428085235428
0.9422277001566185	0.0645523690613497	0.9135204029760441	0.9870428085235428
0.6580032333971176	0.0645523690613497	0.9135204029760441	0.9870428085235428
0.6583477748522126	0.0645523690613497	0.8943128284089509	0.9870428085235428
0.4078801507988477	0.0645523690613497	0.8943128284089509	0.9870428085235428
0.1797180049690462	0.0645523690613497	0.8408851780583039	0.9870428085235428
0.10013333589058498	0.0645523690613497	0.8408851780583039	0.9870428085235428
0.2698369774063894	0.0645523690613497	0.8408851780583039	0.9870428085235428
0.6681505704505133	0.0645523690613497	0.8408851780583039	0.9870428085235428
0.2589229161370485	0.0645523690613497	0.8408851780583039	0.9870428085235428
0.5640167911712808	0.0645523690613497	0.8408851780583039	0.9870428085235428
0.12038266615779251	0.0645523690613497	0.8408851780583039	0.9870428085235428
0.05011178269706562	0.05856042451185424	0.7831223296024062	0.9870428085235428
0.6829923319973544	0.05856042451185424	0.7831223296024062	0.9870428085235428
0.24958028299727328	0.05856042451185424	0.7831223296024062	0.9870428085235428
0.6721933220719195	0.05856042451185424	0.7831223296024062	0.9870428085235428
0.485523834164283	0.05856042451185424	0.761666057400667	0.9870428085235428
0.23035530437007742	0.05856042451185424	0.761666057400667	0.9870428085235428
0.46546912716964856	0.05856042451185424	0.761666057400667	0.9870428085235428
0.7432743864691719	0.05856042451185424	0.761666057400667	0.9870428085235428
0.5513375001678518	0.05856042451185424	0.761666057400667	0.9870428085235428
0.48924228601531045	0.05856042451185424	0.7423383687603436	0.9870428085235428
0.8269156241634336	0.05856042451185424	0.776719366891681	0.9870428085235428
0.8664365112193491	0.05856042451185424	0.8131157743268403	0.9870428085235428
0.43538151207534626	0.05856042451185424	0.8131157743268403	0.9870428085235428
0.7739650416904462	0.108676334646957	0.8131157743268403	0.9870428085235428
0.30304445409597225	0.108676334646957	0.8131157743268403	0.9870428085235428
0.020350964467350387	0.07313292612397647	0.8131157743268403	0.9870428085235428
0.9711408853359514	0.07313292612397647	0.8765796743304995	0.9870428085235428
0.006971020441869083	0.046615128255396356	0.8765796743304995	0.9870428085235428
0.6058445838000803	0.046615128255396356	0.8765796743304995	0.9870428085235428
0.782450646672196	0.046615128255396356	0.8765796743304995	0.9870428085235428
0.0985791421419221	0.046615128255396356	0.8765796743304995	0.9870428085235428
0.28051718069646103	0.046615128255396356	0.8765796743304995	0.9870428085235428
0.7357055563149397	0.046615128255396356	0.866983344765407	0.9870428085235428
0.29527527919787805	0.046615128255396356	0.866983344765407	0.9870428085235428
0.03493015735766851	0.04199656268317191	0.8106493442638675	0.9870428085235428
0.11595764723818121	0.04199656268317191	0.7637582408534263	0.9870428085235428
0.7386741254050675	0.04199656268317191	0.7637582408534263	0.9870428085235428
0.009897478243052909	0.02938395583047289	0.7637582408534263	0.9870428085235428
0.9121229926478396	0.02938395583047289	0.8219404964590784	0.9870428085235428
0.7696626716563634	0.02938395583047289	0.8219404964590784	0.9870428085235428
0.671548915729981	0.02938395583047289	0.8219404964590784	0.9870428085235428
0.0013321066349813425	0.018447562381938173	0.8219404964590784	0.9870428085235428
0.3840323700442405	0.018447562381938173	0.8219404964590784	0.9870428085235428
0.8932076033447154	0.0760923756249548	0.8496170428224324	0.9870428085235428
0.3568487936509437	0.0760923756249548	0.8496170428224324	0.9870428085235428
0.917243997576902	0.0760923756249548	0.8757783405997901	0.9870428085235428
0.6908967560532256	0.0760923756249548	0.8757783405997901	0.9870428085235428
0.02396606047236963	0.05600516362010503	0.8757783405997901	0.9870428085235428
0.4166648960859501	0.05600516362010503	0.8757783405997901	0.9870428085235428
0.9852275812229088	0.05600516362010503	0.9177934041787223	0.9870428085235428
0.12936015279368174	0.06074079881530043	0.9177934041787223	0.9870428085235428
0.3374709886139971	0.06074079881530043	0.9177934041787223	0.9870428085235428
0.16023525665726643	0.06074079881530043	0.9177934041787223	0.9870428085235428
0.7440152399964733	0.06074079881530043	0.9177934041787223	0.9870428085235428
0.3931099577068785	0.06074079881530043	0.9177934041787223	0.9870428085235428
0.20894564227713613	0.06074079881530043	0.9177934041787223	0.9870428085235428
0.9801845268964986	0.06074079881530043	0.941426405208183	0.9870428085235428
0.3157193360387471	0.06074079881530043	0.941426405208183	0.9870428085235428
0.5360962630557554	0.06074079881530043	0.941426405208183	0.9870428085235428
0.3381728970420436	0.06074079881530043	0.941426405208183	0.9870428085235428
0.28541148879983524	0.06074079881530043	0.941426405208183	0.9870428085235428
0.8137587218727138	0.06074079881530043	0.941426405208183	0.9870428085235428
0.761102801613175	0.06074079881530043	0.941426405208183	0.9870428085235428
0.14448140175631846	0.06074079881530043	0.8918497331427481	0.9870428085235428
0.7441306018767297	0.06074079881530043	0.8918497331427481	0.9870428085235428
0.16276208468258294	0.06074079881530043	0.8918497331427481	0.9870428085235428
0.7344759149575973	0.06074079881530043	0.8918497331427481	0.9870428085235428
0.8517408330278082	0.06074079881530043	0.8918497331427481	0.9870428085235428
0.13063453951108045	0.06074079881530043	0.8451494145150384	0.9870428085235428
0.6911062098407414	0.06074079881530043	0.8451494145150384	0.9870428085235428
0.9188243069980372	0.06074079881530043	0.8723357217043367	0.9870428085235428
0.7522266578224176	0.06074079881530043	0.8723357217043367	0.9870428085235428
0.8934269537681526	0.06074079881530043	0.8800898511395631	0.9870428085235428
0.0859051997133328	0.06074079881530043	0.8800898511395631	0.9870428085235428
0.07442343207974537	0.06074079881530043	0.8800898511395631	0.9870428085235428
0.14546420564889656	0.06074079881530043	0.8358752471377173	0.9870428085235428
0.4889986754807018	0.08644655371718528	0.8358752471377173	0.9870428085235428
0.6284622982904334	0.08644655371718528	0.8358752471377173	0.9870428085235428
0.9171891025770273	0.08644655371718528	0.8654439218429208	0.9870428085235428
0.7558110859632475	0.08644655371718528	0.8654439218429208	0.9870428085235428
0.5914436628074472	0.08644655371718528	0.8654439218429208	0.9870428085235428
0.8368957154603548	0.08644655371718528	0.8654439218429208	0.9870428085235428
0.5384708305633534	0.08644655371718528	0.8654439218429208	0.9870428085235428
0.5272032566666034	0.11241160249181961	0.8455181094613998	0.9870428085235428
0.41683739462865593	0.11241160249181961	0.8455181094613998	0.9870428085235428
0.6405786902660118	0.11241160249181961	0.8455181094613998	0.9870428085235428
0.4515964386744453	0.11241160249181961	0.8455181094613998	0.9870428085235428
0.033272984036776226	0.08409724884064129	0.8455181094613998	0.9870428085235428
0.18707774045591422	0.08409724884064129	0.8455181094613998	0.9870428085235428
0.4352389202790035	0.08409724884064129	0.8455181094613998	0.9870428085235428
0.06447556939750099	0.07711444476834936	0.8455181094613998	0.9870428085235428
0.9461967478502545	0.07711444476834936	0.8812831675036218	0.9870428085235428
0.9237227731791864	0.07711444476834936	0.8963326730623327	0.9870428085235428
0.2941674148968774	0.07711444476834936	0.8963326730623327	0.9870428085235428
0.4949051694285183	0.07711444476834936	0.8963326730623327	0.9870428085235428
0.988117472953385	0.07711444476834936	0.9287082638528273	0.9879508477545036
0.5760399405339669	0.07711444476834936	0.9287082638528273	0.9879508477545036
0.447042118007314	0.07711444476834936	0.9287082638528273	0.9879508477545036
0.3440583993440985	0.07711444476834936	0.9287082638528273	0.9879508477545036
0.048176215538815396	0.06697846255134972	0.9287082638528273	0.9879508477545036
0.48665611045696533	0.06697846255134972	0.9287082638528273	0.9879508477545036
0.6996443439639247	0.10255146684781162	0.9287082638528273	0.9879508477545036
0.07979475860237326	0.09462230021177037	0.9287082638528273	0.9879508477545036
0.9525028033125931	0.09462230021177037	0.9369846254040503	0.9879508477545036
0.6897115007074571	0.09462230021177037	0.9369846254040503	0.9879508477545036
0.3432092395568022	0.1084595915752567	0.9369846254040503	0.9879508477545036
0.4246196894420004	0.1084595915752567	0.9369846254040503	0.9879508477545036
0.27775464854253307	0.1084595915752567	0.9369846254040503	0.9879508477545036
0.1639719820823618	0.1084595915752567	0.9369846254040503	0.9879508477545036
0.9714361970754112	0.1084595915752567	0.9488440304544328	0.9879508477545036
0.6471911890252215	0.1084595915752567	0.9488440304544328	0.9879508477545036
0.2079271410795278	0.1084595915752567	0.9488440304544328	0.9879508477545036
0.08266414737765534	0.09962553534320144	0.9488440304544328	0.9879508477545036
0.1507204866256247	0.09962553534320144	0.9488440304544328	0.9879508477545036
0.1266876069821164	0.09962553534320144	0.9488440304544328	0.9879508477545036
0.06534157627282232	0.08794445899894959	0.9488440304544328	0.9879508477545036
0.4247747328720495	0.10619095270821827	0.9488440304544328	0.9879508477545036
0.015907590235185086	0.0755344629041323	0.9488440304544328	0.9879508477545036
0.14236729280779342	0.0755344629041323	0.9488440304544328	0.9879508477545036
0.061409949824330526	0.07075459384159363	0.9488440304544328	0.9879508477545036
0.19237498136635287	0.07727929274313651	0.9082609269625831	0.9879508477545036
0.29268777198641804	0.07727929274313651	0.9082609269625831	0.9879508477545036
0.0947261668927943	0.07727929274313651	0.9082609269625831	0.9879508477545036
0.4651338318988266	0.07727929274313651	0.9082609269625831	0.9879508477545036
0.852895882291272	0.11849165138012564	0.9082609269625831	0.9879508477545036
0.7826052605682147	0.11849165138012564	0.9082609269625831	0.9879508477545036
0.4851236168004121	0.11849165138012564	0.9082609269625831	0.9879508477545036
0.5234363524862389	0.11849165138012564	0.9082609269625831	0.9879508477545036
0.3786813367202715	0.11849165138012564	0.9082609269625831	0.9879508477545036
